h3_8,n_años,tipo,n_changepoints,changepoints
88499516d9fffff,9,fluctuante,0,
88499516ddfffff,5,estable,0,
8849958001fffff,9,fragmentada,0,
884995800dfffff,7,fragmentada,0,
8849958019fffff,4,monotónica,0,
8849958027fffff,4,monotónica,0,
8849958083fffff,8,fragmentada,0,
8849958087fffff,9,fragmentada,0,
884995808bfffff,8,fluctuante,0,
8849958091fffff,7,fragmentada,0,
8849958099fffff,4,monotónica,0,
884995809dfffff,7,fluctuante,0,
88499580a1fffff,7,fluctuante,0,
88499580a5fffff,5,fragmentada,0,
88499580abfffff,7,fluctuante,0,
88499580b7fffff,4,fluctuante,0,
88499580d3fffff,9,fluctuante,0,
88499580d7fffff,9,fragmentada,0,
88499580dbfffff,7,fragmentada,0,
8849958115fffff,3,fluctuante,0,
884995813bfffff,6,fragmentada,0,
8849958183fffff,5,fluctuante,0,
8849958189fffff,6,fluctuante,0,
884995818bfffff,9,fragmentada,0,
8849958195fffff,9,fragmentada,0,
8849958199fffff,9,fluctuante,0,
884995819dfffff,9,fluctuante,0,
88499581b1fffff,7,fragmentada,0,
88499581b3fffff,5,fluctuante,0,
88499581b9fffff,9,fragmentada,0,
88499581bbfffff,9,fragmentada,0,
88499581c1fffff,5,fragmentada,0,
88499581c3fffff,3,estable,0,
88499581c7fffff,6,fluctuante,0,
88499581cdfffff,6,fluctuante,0,
88499581d3fffff,5,monotónica,0,
88499581d5fffff,4,monotónica,0,
88499581d7fffff,8,fluctuante,0,
88499582bbfffff,3,monotónica,0,
8849958401fffff,9,fluctuante,0,
8849958403fffff,9,fragmentada,0,
8849958405fffff,9,fluctuante,0,
8849958407fffff,9,fragmentada,0,
8849958409fffff,9,fragmentada,0,
884995840bfffff,9,fragmentada,0,
884995840dfffff,7,fluctuante,0,
8849958411fffff,9,fluctuante,0,
8849958415fffff,9,fragmentada,0,
8849958419fffff,9,fluctuante,0,
884995841bfffff,9,fluctuante,0,
884995841dfffff,9,fragmentada,0,
8849958421fffff,9,fragmentada,0,
8849958423fffff,9,fragmentada,0,
8849958425fffff,9,fragmentada,0,
8849958427fffff,9,fragmentada,0,
8849958429fffff,8,fragmentada,0,
884995842bfffff,9,fragmentada,0,
884995842dfffff,9,fluctuante,0,
8849958431fffff,9,fragmentada,0,
8849958433fffff,9,fragmentada,0,
8849958435fffff,9,fragmentada,0,
8849958437fffff,9,fragmentada,0,
8849958439fffff,9,fragmentada,0,
884995843bfffff,9,fluctuante,0,
884995843dfffff,9,fluctuante,0,
8849958441fffff,9,fluctuante,0,
8849958443fffff,9,fluctuante,0,
8849958445fffff,9,fluctuante,0,
8849958447fffff,9,fluctuante,0,
8849958449fffff,9,fluctuante,0,
884995844bfffff,9,fluctuante,0,
8849958451fffff,8,fragmentada,0,
8849958455fffff,9,fluctuante,0,
8849958457fffff,9,fragmentada,0,
8849958459fffff,6,fluctuante,0,
884995845bfffff,9,fluctuante,0,
884995845dfffff,9,fragmentada,0,
8849958461fffff,6,fragmentada,0,
8849958463fffff,9,fluctuante,0,
8849958465fffff,7,fragmentada,0,
8849958467fffff,9,fluctuante,0,
8849958469fffff,6,monotónica,0,
884995846dfffff,4,fragmentada,0,
8849958481fffff,9,fragmentada,0,
8849958485fffff,9,fragmentada,0,
8849958487fffff,7,fragmentada,0,
8849958489fffff,9,monotónica,0,
884995848bfffff,9,fragmentada,0,
884995848dfffff,9,fragmentada,0,
8849958491fffff,7,fragmentada,0,
8849958493fffff,9,fragmentada,0,
8849958495fffff,7,monotónica,0,
8849958497fffff,5,fragmentada,0,
8849958499fffff,8,fluctuante,0,
884995849bfffff,8,fragmentada,0,
884995849dfffff,6,fluctuante,0,
88499584a1fffff,9,fragmentada,0,
88499584a3fffff,9,fluctuante,0,
88499584a5fffff,9,fluctuante,0,
88499584a7fffff,9,monotónica,0,
88499584a9fffff,9,monotónica,0,
88499584abfffff,9,fragmentada,0,
88499584adfffff,9,fluctuante,0,
88499584b1fffff,9,fragmentada,0,
88499584b3fffff,9,fragmentada,0,
88499584b5fffff,9,fluctuante,0,
88499584b7fffff,9,fragmentada,0,
88499584b9fffff,9,fragmentada,0,
88499584bbfffff,9,fragmentada,0,
88499584bdfffff,9,fluctuante,0,
88499584c3fffff,9,fragmentada,0,
88499584d1fffff,3,fluctuante,0,
88499584d3fffff,7,fluctuante,0,
88499584d5fffff,8,fragmentada,0,
88499584d7fffff,9,fluctuante,0,
88499584d9fffff,4,monotónica,0,
88499584ddfffff,4,monotónica,0,
88499584e1fffff,7,fluctuante,0,
88499584e3fffff,9,fragmentada,0,
88499584e5fffff,9,fragmentada,0,
88499584e7fffff,9,fragmentada,0,
88499584e9fffff,3,estable,0,
88499584ebfffff,3,monotónica,0,
88499584edfffff,9,fluctuante,0,
8849958501fffff,9,fragmentada,0,
8849958503fffff,6,fragmentada,0,
884995850bfffff,9,fragmentada,0,
8849958511fffff,9,fluctuante,0,
8849958513fffff,9,fluctuante,0,
8849958515fffff,9,fluctuante,0,
8849958517fffff,9,fragmentada,0,
8849958519fffff,9,fluctuante,0,
884995851bfffff,9,fragmentada,0,
884995851dfffff,9,fragmentada,0,
8849958521fffff,9,fragmentada,0,
8849958523fffff,9,fragmentada,0,
8849958525fffff,9,monotónica,0,
8849958527fffff,9,fragmentada,0,
8849958529fffff,9,fragmentada,0,
884995852bfffff,9,fluctuante,0,
884995852dfffff,9,fragmentada,0,
8849958531fffff,9,fragmentada,0,
8849958533fffff,9,fragmentada,0,
8849958535fffff,9,fluctuante,0,
8849958537fffff,8,fragmentada,0,
8849958539fffff,6,fluctuante,0,
884995853bfffff,9,fluctuante,0,
884995853dfffff,7,fragmentada,0,
8849958549fffff,9,fragmentada,0,
884995854bfffff,7,fluctuante,0,
884995854dfffff,7,fluctuante,0,
8849958551fffff,9,fluctuante,0,
8849958553fffff,9,fragmentada,0,
8849958555fffff,7,fluctuante,0,
8849958557fffff,9,fluctuante,0,
8849958559fffff,9,fluctuante,0,
884995855bfffff,9,fluctuante,0,
884995855dfffff,8,fluctuante,0,
8849958565fffff,6,fluctuante,0,
8849958567fffff,9,fragmentada,0,
8849958581fffff,9,fragmentada,0,
8849958583fffff,9,fragmentada,0,
8849958585fffff,9,fluctuante,0,
8849958587fffff,9,fluctuante,0,
8849958589fffff,9,fluctuante,0,
884995858bfffff,9,fragmentada,0,
884995858dfffff,9,fluctuante,0,
8849958591fffff,9,fragmentada,0,
8849958593fffff,9,estable,0,
8849958595fffff,9,fragmentada,0,
8849958597fffff,9,fragmentada,0,
8849958599fffff,9,fluctuante,0,
884995859bfffff,9,fragmentada,0,
884995859dfffff,9,fragmentada,0,
88499585a1fffff,9,fragmentada,0,
88499585a3fffff,9,fluctuante,0,
88499585a5fffff,9,fragmentada,0,
88499585a7fffff,9,fragmentada,0,
88499585a9fffff,9,fragmentada,0,
88499585abfffff,9,fragmentada,0,
88499585adfffff,9,fluctuante,0,
88499585b1fffff,9,fragmentada,0,
88499585b3fffff,9,fragmentada,0,
88499585b5fffff,9,fragmentada,0,
88499585b7fffff,9,fragmentada,0,
88499585b9fffff,9,fluctuante,0,
88499585bbfffff,9,fragmentada,0,
88499585bdfffff,8,fluctuante,0,
88499585c1fffff,9,fluctuante,0,
88499585c3fffff,9,fragmentada,0,
88499585c5fffff,9,fluctuante,0,
88499585c7fffff,9,fragmentada,0,
88499585c9fffff,9,fragmentada,0,
88499585cbfffff,9,fragmentada,0,
88499585cdfffff,9,fluctuante,0,
88499585d1fffff,8,fragmentada,0,
88499585d3fffff,9,fragmentada,0,
88499585d5fffff,9,fluctuante,0,
88499585d7fffff,9,fragmentada,0,
88499585d9fffff,9,fluctuante,0,
88499585dbfffff,9,fragmentada,0,
88499585ddfffff,9,fragmentada,0,
88499585e1fffff,9,fluctuante,0,
88499585e3fffff,9,fluctuante,0,
88499585e5fffff,9,fluctuante,0,
88499585e7fffff,9,fragmentada,0,
88499585e9fffff,9,fragmentada,0,
88499585ebfffff,9,fragmentada,0,
88499585edfffff,9,fluctuante,0,
8849958609fffff,3,estable,0,
8849958623fffff,9,fluctuante,0,
8849958627fffff,5,fluctuante,0,
884995862dfffff,6,fluctuante,0,
8849958643fffff,5,fluctuante,0,
884995865dfffff,6,monotónica,0,
8849958681fffff,9,fluctuante,0,
8849958683fffff,9,fluctuante,0,
8849958685fffff,9,fluctuante,0,
8849958687fffff,9,fluctuante,0,
8849958689fffff,9,fluctuante,0,
884995868bfffff,9,fluctuante,0,
884995868dfffff,9,fluctuante,0,
8849958691fffff,8,fragmentada,0,
8849958693fffff,9,fragmentada,0,
8849958695fffff,8,fragmentada,0,
8849958697fffff,9,fluctuante,0,
884995869bfffff,8,fragmentada,0,
884995869dfffff,8,fluctuante,0,
88499586a3fffff,6,fluctuante,0,
88499586a7fffff,6,fluctuante,0,
88499586abfffff,3,monotónica,0,
88499586b1fffff,9,fluctuante,0,
88499586b3fffff,4,monotónica,0,
88499586b5fffff,9,fluctuante,0,
88499586b7fffff,9,fragmentada,0,
88499586b9fffff,9,fragmentada,0,
88499586bbfffff,9,fragmentada,0,
88499586bdfffff,8,fluctuante,0,
88499586c3fffff,9,fluctuante,0,
88499586c7fffff,9,fluctuante,0,
88499586d5fffff,8,fluctuante,0,
88499586ddfffff,3,monotónica,0,
88499586e1fffff,9,fluctuante,0,
88499586e3fffff,9,fluctuante,0,
88499586e7fffff,9,fragmentada,0,
88499586ebfffff,8,fluctuante,0,
88499586edfffff,6,monotónica,0,
8849958705fffff,5,fragmentada,0,
8849958707fffff,9,monotónica,0,
884995870dfffff,8,fluctuante,0,
8849958721fffff,9,fragmentada,0,
8849958723fffff,9,fragmentada,0,
8849958725fffff,9,fragmentada,0,
8849958727fffff,9,fragmentada,0,
8849958729fffff,7,fluctuante,0,
884995872bfffff,4,monotónica,0,
884995872dfffff,9,fragmentada,0,
8849958731fffff,7,fragmentada,0,
8849958733fffff,9,fragmentada,0,
8849958735fffff,9,fluctuante,0,
8849958737fffff,8,fluctuante,0,
8849958739fffff,8,fragmentada,0,
884995873bfffff,9,fluctuante,0,
884995873dfffff,7,fluctuante,0,
8849958757fffff,6,fluctuante,0,
8849958761fffff,5,fluctuante,0,
884995876bfffff,3,monotónica,0,
8849958c01fffff,9,estable,0,
8849958c03fffff,9,monotónica,0,
8849958c05fffff,9,fluctuante,0,
8849958c07fffff,9,fluctuante,0,
8849958c09fffff,9,fragmentada,0,
8849958c0bfffff,9,fragmentada,0,
8849958c0dfffff,9,fluctuante,0,
8849958c11fffff,9,fluctuante,0,
8849958c13fffff,9,fluctuante,0,
8849958c15fffff,9,fragmentada,0,
8849958c17fffff,9,fragmentada,0,
8849958c19fffff,9,fluctuante,0,
8849958c1bfffff,9,fluctuante,0,
8849958c1dfffff,9,fragmentada,0,
8849958c2bfffff,4,monotónica,0,
8849958c39fffff,8,fragmentada,0,
8849958c41fffff,9,fragmentada,0,
8849958c43fffff,9,fragmentada,0,
8849958c45fffff,9,fragmentada,0,
8849958c47fffff,9,fragmentada,0,
8849958c4bfffff,9,fragmentada,0,
8849958c51fffff,9,fragmentada,0,
8849958c53fffff,9,fragmentada,0,
8849958c55fffff,9,fragmentada,0,
8849958c57fffff,9,fluctuante,0,
8849958c59fffff,9,fragmentada,0,
8849958c5bfffff,9,fragmentada,0,
8849958c5dfffff,9,fragmentada,0,
8849958c61fffff,9,fragmentada,0,
8849958c63fffff,9,fluctuante,0,
8849958c69fffff,9,fragmentada,0,
8849958c6bfffff,9,fragmentada,0,
8849958c6dfffff,8,fragmentada,0,
8849958c91fffff,9,fragmentada,0,
8849958c93fffff,5,fragmentada,0,
8849958c97fffff,8,fragmentada,0,
8849958c99fffff,9,monotónica,0,
8849958c9bfffff,9,fragmentada,0,
8849958c9dfffff,8,fragmentada,0,
8849958cc1fffff,9,estable,0,
8849958cc3fffff,9,fluctuante,0,
8849958cc5fffff,9,fluctuante,0,
8849958cc7fffff,5,fluctuante,0,
8849958cc9fffff,9,fluctuante,0,
8849958ccbfffff,9,fluctuante,0,
8849958ccdfffff,9,fluctuante,0,
8849958cd1fffff,9,fragmentada,0,
8849958cd3fffff,9,fluctuante,0,
8849958cd5fffff,8,monotónica,0,
8849958cd7fffff,9,fragmentada,0,
8849958cd9fffff,9,fluctuante,0,
8849958cdbfffff,9,fragmentada,0,
8849958cddfffff,9,fluctuante,0,
8849958e01fffff,8,fragmentada,0,
8849958e03fffff,9,fragmentada,0,
8849958e05fffff,9,fragmentada,0,
8849958e09fffff,9,fragmentada,0,
8849958e0bfffff,9,fluctuante,0,
8849958e0dfffff,7,fluctuante,0,
8849958e13fffff,9,fluctuante,0,
8849958e15fffff,9,fluctuante,0,
8849958e17fffff,9,fluctuante,0,
8849958e19fffff,9,fragmentada,0,
8849958e1bfffff,9,fragmentada,0,
8849958e1dfffff,9,fragmentada,0,
8849958e31fffff,9,fragmentada,0,
8849958e33fffff,9,fragmentada,0,
8849958e35fffff,9,fragmentada,0,
8849958e37fffff,9,fragmentada,0,
8849958e3bfffff,9,fluctuante,0,
8849958e41fffff,6,fluctuante,0,
8849958e43fffff,9,fragmentada,0,
8849958e47fffff,9,fluctuante,0,
8849958e51fffff,9,fragmentada,0,
8849958e53fffff,9,fragmentada,0,
8849958e55fffff,9,fluctuante,0,
8849958e57fffff,9,fragmentada,0,
8849958e59fffff,9,fragmentada,0,
8849958e5bfffff,9,fragmentada,0,
8849958e5dfffff,9,fluctuante,0,
8849958e61fffff,9,fragmentada,0,
8849958e63fffff,9,fragmentada,0,
8849958e65fffff,9,fluctuante,0,
8849958e67fffff,6,monotónica,0,
8849958e6dfffff,9,fluctuante,0,
8849958e81fffff,9,fluctuante,0,
8849958e83fffff,8,fluctuante,0,
8849958e85fffff,9,fluctuante,0,
8849958e87fffff,9,fragmentada,0,
8849958e89fffff,9,fragmentada,0,
8849958e8bfffff,9,fluctuante,0,
8849958e8dfffff,9,fluctuante,0,
8849958e91fffff,9,fragmentada,0,
8849958e93fffff,9,monotónica,1,2020
8849958e95fffff,9,fluctuante,0,
8849958e97fffff,9,fluctuante,0,
8849958e99fffff,9,fragmentada,0,
8849958e9bfffff,9,fragmentada,0,
8849958e9dfffff,9,fragmentada,0,
8849958ea1fffff,9,fragmentada,0,
8849958ea3fffff,9,fragmentada,0,
8849958ea5fffff,9,fragmentada,0,
8849958ea7fffff,9,fragmentada,0,
8849958ea9fffff,9,fragmentada,0,
8849958eabfffff,9,fluctuante,0,
8849958eadfffff,7,fragmentada,0,
8849958eb1fffff,9,fragmentada,0,
8849958eb3fffff,9,fragmentada,0,
8849958eb5fffff,9,fluctuante,0,
8849958eb7fffff,9,fluctuante,0,
8849958eb9fffff,9,fragmentada,0,
8849958ebbfffff,9,fluctuante,0,
8849958ebdfffff,3,monotónica,0,
8849958ec1fffff,9,fragmentada,0,
8849958ec3fffff,9,fragmentada,0,
8849958ec5fffff,9,fragmentada,0,
8849958ec7fffff,9,fragmentada,0,
8849958ec9fffff,9,fluctuante,0,
8849958ecbfffff,9,fluctuante,0,
8849958ecdfffff,9,fragmentada,0,
8849958ed3fffff,9,fragmentada,0,
8849958ed5fffff,7,fragmentada,0,
8849958ed7fffff,9,fragmentada,0,
8849958ed9fffff,8,fragmentada,0,
8849958edbfffff,9,fluctuante,0,
8849958eddfffff,6,fragmentada,0,
8849958ee1fffff,9,fluctuante,0,
8849958ee3fffff,9,fragmentada,0,
8849958ee5fffff,9,fragmentada,0,
8849958ee7fffff,9,fragmentada,0,
8849958ee9fffff,9,fragmentada,0,
8849958eebfffff,9,fragmentada,0,
8849958eedfffff,9,fragmentada,0,
8849958f01fffff,4,fluctuante,0,
8849958f07fffff,7,fluctuante,0,
8849958f3bfffff,8,fragmentada,0,
8849958f59fffff,3,estable,0,
8849958f5bfffff,6,fluctuante,0,
88499595a3fffff,7,fluctuante,0,
88499595abfffff,4,monotónica,0,
88499595bdfffff,9,fluctuante,0,
884995a365fffff,8,fluctuante,0,
884995a36dfffff,9,fragmentada,0,
884995aa05fffff,9,fragmentada,0,
884995aa09fffff,6,fragmentada,0,
884995aa0dfffff,8,fluctuante,0,
884995aa29fffff,9,fragmentada,0,
884995aa2bfffff,6,fragmentada,0,
884995aa41fffff,9,fragmentada,0,
884995aa43fffff,4,fluctuante,0,
884995aa45fffff,9,fragmentada,0,
884995aa47fffff,9,fragmentada,0,
884995aa49fffff,5,fluctuante,0,
884995aa4dfffff,9,fragmentada,0,
884995aa61fffff,9,fluctuante,0,
884995aa63fffff,9,fluctuante,0,
884995aa67fffff,9,monotónica,0,
884995aa69fffff,9,fluctuante,0,
884995aa6bfffff,9,fragmentada,0,
884995aa6dfffff,8,fluctuante,0,
884995b045fffff,3,monotónica,0,
884995b04dfffff,9,fragmentada,0,
884995b061fffff,6,fragmentada,0,
884995b069fffff,9,fluctuante,0,
884995b109fffff,3,monotónica,0,
884995b10dfffff,5,fluctuante,0,
884995b125fffff,9,fluctuante,0,
884995b12dfffff,9,fragmentada,0,
884995b141fffff,8,fragmentada,0,
884995b143fffff,9,fluctuante,0,
884995b145fffff,9,fluctuante,0,
884995b147fffff,9,fragmentada,0,
884995b149fffff,9,fragmentada,0,
884995b14dfffff,9,fluctuante,0,
884995b15dfffff,8,fluctuante,0,
884995b161fffff,9,fluctuante,0,
884995b163fffff,9,fluctuante,0,
884995b165fffff,9,fluctuante,0,
884995b167fffff,9,fragmentada,0,
884995b169fffff,9,fragmentada,0,
884995b16bfffff,9,fragmentada,0,
884995b16dfffff,9,fragmentada,0,
884995b227fffff,4,monotónica,0,
884995b309fffff,9,fragmentada,0,
884995b30dfffff,3,fluctuante,0,
884995b313fffff,8,fluctuante,0,
884995b317fffff,5,fluctuante,0,
884995b31bfffff,6,fluctuante,0,
884995b323fffff,9,fragmentada,0,
884995b325fffff,5,fluctuante,0,
884995b327fffff,9,fluctuante,0,
884995b331fffff,4,monotónica,0,
884995b333fffff,4,fluctuante,0,
884995b335fffff,8,fluctuante,0,
884995b337fffff,7,fluctuante,0,
884995b33bfffff,8,fluctuante,0,
884995b33dfffff,5,fragmentada,0,
884995b341fffff,7,monotónica,0,
884995b345fffff,9,fragmentada,0,
884995b347fffff,9,fragmentada,0,
884995b34dfffff,9,fluctuante,0,
884995b351fffff,3,monotónica,0,
884995b355fffff,3,monotónica,0,
884995b361fffff,9,fluctuante,0,
884995b363fffff,7,fragmentada,0,
884995b365fffff,3,estable,0,
884995b367fffff,8,fragmentada,0,
884995b369fffff,9,fragmentada,0,
884995b36bfffff,9,fluctuante,0,
884995b36dfffff,9,fragmentada,0,
884995b801fffff,9,fragmentada,0,
884995b803fffff,9,fragmentada,0,
884995b805fffff,9,fragmentada,0,
884995b807fffff,9,fluctuante,0,
884995b809fffff,9,estable,0,
884995b80bfffff,9,fragmentada,0,
884995b80dfffff,9,fluctuante,0,
884995b811fffff,9,fragmentada,0,
884995b815fffff,9,fragmentada,0,
884995b817fffff,8,fluctuante,0,
884995b819fffff,9,fragmentada,0,
884995b81bfffff,9,fluctuante,0,
884995b81dfffff,9,fragmentada,0,
884995b821fffff,9,fragmentada,0,
884995b823fffff,9,fluctuante,0,
884995b825fffff,9,fragmentada,0,
884995b827fffff,9,fragmentada,0,
884995b829fffff,9,monotónica,0,
884995b82bfffff,9,fragmentada,0,
884995b82dfffff,9,fragmentada,0,
884995b831fffff,9,fluctuante,0,
884995b833fffff,9,fragmentada,0,
884995b835fffff,9,monotónica,0,
884995b837fffff,9,fragmentada,0,
884995b839fffff,9,fragmentada,0,
884995b83bfffff,9,fragmentada,0,
884995b83dfffff,9,monotónica,0,
884995b841fffff,9,estable,0,
884995b843fffff,9,estable,1,2020
884995b845fffff,9,fragmentada,1,2019
884995b847fffff,9,fluctuante,0,
884995b849fffff,9,estable,0,
884995b84bfffff,9,fragmentada,0,
884995b84dfffff,9,fluctuante,0,
884995b851fffff,9,fluctuante,0,
884995b853fffff,9,fragmentada,0,
884995b855fffff,9,estable,0,
884995b857fffff,9,fragmentada,0,
884995b859fffff,9,fragmentada,0,
884995b85bfffff,9,fragmentada,0,
884995b85dfffff,9,fluctuante,0,
884995b861fffff,9,fluctuante,0,
884995b863fffff,9,fluctuante,0,
884995b865fffff,9,fragmentada,0,
884995b867fffff,9,fragmentada,0,
884995b869fffff,9,monotónica,0,
884995b86bfffff,9,fluctuante,0,
884995b86dfffff,9,fluctuante,0,
884995b889fffff,9,fluctuante,0,
884995b88dfffff,9,fragmentada,0,
884995b899fffff,9,fluctuante,0,
884995b89dfffff,3,monotónica,0,
884995b8a1fffff,9,fluctuante,0,
884995b8a3fffff,9,fragmentada,0,
884995b8a5fffff,6,fragmentada,0,
884995b8a7fffff,9,fragmentada,0,
884995b8a9fffff,4,monotónica,0,
884995b8abfffff,8,fragmentada,0,
884995b8adfffff,8,fragmentada,0,
884995b8bdfffff,9,fluctuante,0,
884995b8c1fffff,9,fragmentada,0,
884995b8c3fffff,9,fragmentada,0,
884995b8c5fffff,7,fragmentada,0,
884995b8c7fffff,9,fragmentada,0,
884995b8c9fffff,9,fragmentada,0,
884995b8cbfffff,9,fragmentada,0,
884995b8cdfffff,9,fragmentada,0,
884995b8d1fffff,9,fragmentada,0,
884995b8d3fffff,9,fluctuante,0,
884995b8d5fffff,9,fragmentada,0,
884995b8d7fffff,9,fluctuante,0,
884995b8d9fffff,9,fragmentada,0,
884995b8dbfffff,8,fluctuante,0,
884995b8ddfffff,9,fragmentada,0,
884995b8e1fffff,3,monotónica,0,
884995b8e5fffff,9,fluctuante,0,
884995b8e7fffff,9,fluctuante,0,
884995b8e9fffff,6,monotónica,0,
884995b8ebfffff,8,fragmentada,0,
884995b8edfffff,9,fluctuante,0,
884995b903fffff,9,fragmentada,0,
884995b905fffff,6,fluctuante,0,
884995b907fffff,9,fragmentada,0,
884995b909fffff,9,fluctuante,0,
884995b90bfffff,8,fluctuante,0,
884995b90dfffff,9,fragmentada,0,
884995b911fffff,9,fluctuante,0,
884995b913fffff,9,fragmentada,0,
884995b915fffff,9,fragmentada,0,
884995b917fffff,9,fluctuante,0,
884995b919fffff,9,fragmentada,0,
884995b91bfffff,9,fragmentada,0,
884995b91dfffff,9,fragmentada,0,
884995b929fffff,9,fragmentada,0,
884995b92bfffff,9,fragmentada,0,
884995b931fffff,9,fragmentada,0,
884995b933fffff,9,fragmentada,0,
884995b935fffff,7,monotónica,0,
884995b937fffff,9,fluctuante,0,
884995b939fffff,9,fragmentada,0,
884995b93bfffff,9,fragmentada,0,
884995b93dfffff,9,fluctuante,0,
884995b941fffff,9,fluctuante,0,
884995b943fffff,9,estable,0,
884995b947fffff,8,fragmentada,0,
884995b94bfffff,9,fragmentada,0,
884995b951fffff,9,fluctuante,0,
884995b953fffff,9,fragmentada,0,
884995b955fffff,9,fragmentada,0,
884995b957fffff,9,fragmentada,0,
884995b959fffff,9,fragmentada,0,
884995b95bfffff,9,fragmentada,0,
884995b95dfffff,9,fragmentada,0,
884995b961fffff,8,fragmentada,0,
884995b963fffff,9,fluctuante,0,
884995b967fffff,8,monotónica,0,
884995b96bfffff,9,fragmentada,0,
884995b989fffff,9,fluctuante,0,
884995b98bfffff,7,fluctuante,0,
884995b98dfffff,6,fluctuante,0,
884995b991fffff,5,fluctuante,0,
884995b993fffff,9,fluctuante,0,
884995b999fffff,9,fluctuante,0,
884995b99bfffff,9,fragmentada,0,
884995b99dfffff,9,fluctuante,0,
884995b9c1fffff,9,fragmentada,0,
884995b9c3fffff,9,fluctuante,0,
884995b9c5fffff,9,fluctuante,0,
884995b9c7fffff,9,fragmentada,0,
884995b9c9fffff,9,fluctuante,0,
884995b9cbfffff,9,fluctuante,0,
884995b9cdfffff,9,fluctuante,0,
884995b9d1fffff,4,fluctuante,0,
884995b9d3fffff,9,fragmentada,0,
884995b9d5fffff,9,fragmentada,0,
884995b9d7fffff,9,fragmentada,0,
884995b9d9fffff,7,fragmentada,0,
884995b9dbfffff,9,monotónica,0,
884995b9ddfffff,9,fluctuante,0,
884995b9e1fffff,9,fluctuante,0,
884995b9e3fffff,9,fragmentada,0,
884995b9e5fffff,9,fragmentada,0,
884995b9e7fffff,9,fragmentada,0,
884995b9e9fffff,9,fluctuante,0,
884995b9ebfffff,9,fluctuante,0,
884995b9edfffff,9,fragmentada,0,
884995ba01fffff,9,fragmentada,0,
884995ba03fffff,9,fragmentada,0,
884995ba05fffff,9,fragmentada,0,
884995ba07fffff,9,fluctuante,0,
884995ba09fffff,9,fragmentada,0,
884995ba0bfffff,9,fragmentada,0,
884995ba0dfffff,9,fragmentada,0,
884995ba11fffff,9,fluctuante,0,
884995ba15fffff,9,fragmentada,0,
884995ba19fffff,9,fragmentada,0,
884995ba1dfffff,9,fluctuante,0,
884995ba21fffff,9,fluctuante,0,
884995ba23fffff,9,fluctuante,0,
884995ba25fffff,9,fluctuante,0,
884995ba27fffff,9,fluctuante,0,
884995ba29fffff,9,fragmentada,0,
884995ba2bfffff,9,estable,0,
884995ba2dfffff,9,fragmentada,0,
884995ba31fffff,9,fluctuante,0,
884995ba33fffff,9,fluctuante,0,
884995ba35fffff,9,fluctuante,0,
884995ba37fffff,9,fluctuante,0,
884995ba39fffff,9,fragmentada,0,
884995ba3bfffff,9,fragmentada,0,
884995ba3dfffff,9,fragmentada,1,2022
884995ba41fffff,9,fragmentada,0,
884995ba43fffff,9,fragmentada,0,
884995ba45fffff,9,fragmentada,0,
884995ba47fffff,9,fragmentada,0,
884995ba49fffff,9,fragmentada,0,
884995ba4bfffff,9,fluctuante,0,
884995ba4dfffff,9,fluctuante,0,
884995ba51fffff,9,fragmentada,0,
884995ba53fffff,9,fluctuante,0,
884995ba55fffff,9,fragmentada,0,
884995ba57fffff,9,estable,0,
884995ba59fffff,9,fluctuante,0,
884995ba5bfffff,9,fragmentada,0,
884995ba5dfffff,9,fragmentada,0,
884995ba61fffff,9,fragmentada,0,
884995ba63fffff,9,fluctuante,0,
884995ba65fffff,9,fragmentada,0,
884995ba67fffff,9,fragmentada,0,
884995ba69fffff,9,fluctuante,0,
884995ba6bfffff,9,fragmentada,0,
884995ba6dfffff,9,fragmentada,0,
884995ba81fffff,9,fragmentada,0,
884995ba83fffff,9,fragmentada,0,
884995ba85fffff,9,fragmentada,0,
884995ba87fffff,9,fluctuante,0,
884995ba89fffff,9,fluctuante,0,
884995ba8bfffff,9,fragmentada,0,
884995ba8dfffff,9,fragmentada,0,
884995baa1fffff,9,monotónica,0,
884995baa3fffff,9,fragmentada,0,
884995baa5fffff,9,fluctuante,0,
884995baa7fffff,9,fragmentada,0,
884995baa9fffff,9,fragmentada,0,
884995baabfffff,9,fluctuante,0,
884995baadfffff,9,fluctuante,0,
884995bab1fffff,9,fragmentada,0,
884995bab3fffff,9,fragmentada,0,
884995bab5fffff,9,fluctuante,0,
884995bab7fffff,9,monotónica,0,
884995babbfffff,9,fragmentada,0,
884995bac1fffff,6,fluctuante,0,
884995bac3fffff,5,fluctuante,0,
884995bac5fffff,9,fragmentada,0,
884995bac7fffff,9,monotónica,0,
884995bacbfffff,3,monotónica,0,
884995bae1fffff,9,fragmentada,0,
884995bae3fffff,9,fluctuante,0,
884995bae5fffff,9,fragmentada,0,
884995bae7fffff,9,fragmentada,0,
884995bae9fffff,9,fluctuante,0,
884995baebfffff,9,fragmentada,0,
884995baedfffff,9,fragmentada,0,
884995bb01fffff,9,fluctuante,0,
884995bb03fffff,9,fragmentada,0,
884995bb05fffff,8,fluctuante,0,
884995bb07fffff,9,fragmentada,0,
884995bb09fffff,9,fluctuante,0,
884995bb0bfffff,9,fragmentada,0,
884995bb0dfffff,9,fluctuante,0,
884995bb11fffff,9,monotónica,0,
884995bb13fffff,9,estable,1,2020
884995bb15fffff,9,fragmentada,0,
884995bb17fffff,9,fluctuante,1,2022
884995bb19fffff,9,estable,0,
884995bb1bfffff,9,fluctuante,0,
884995bb1dfffff,9,fluctuante,0,
884995bb21fffff,9,fragmentada,0,
884995bb23fffff,9,fragmentada,0,
884995bb25fffff,9,estable,0,
884995bb29fffff,8,fluctuante,0,
884995bb2bfffff,9,fluctuante,0,
884995bb2dfffff,9,fragmentada,0,
884995bb31fffff,9,fragmentada,0,
884995bb33fffff,9,fragmentada,0,
884995bb35fffff,9,fragmentada,0,
884995bb37fffff,9,fragmentada,0,
884995bb39fffff,9,fluctuante,0,
884995bb3bfffff,9,fluctuante,0,
884995bb3dfffff,9,fragmentada,0,
884995bb41fffff,9,fragmentada,0,
884995bb43fffff,9,monotónica,0,
884995bb45fffff,9,fluctuante,0,
884995bb47fffff,9,fragmentada,0,
884995bb49fffff,9,fragmentada,0,
884995bb4bfffff,9,fragmentada,0,
884995bb4dfffff,9,fluctuante,0,
884995bb51fffff,9,fragmentada,0,
884995bb53fffff,9,fluctuante,0,
884995bb55fffff,9,fragmentada,0,
884995bb57fffff,9,fluctuante,0,
884995bb59fffff,9,fluctuante,0,
884995bb5bfffff,9,fragmentada,0,
884995bb5dfffff,9,fragmentada,0,
884995bb61fffff,9,fragmentada,0,
884995bb63fffff,9,fluctuante,0,
884995bb65fffff,9,fluctuante,0,
884995bb67fffff,9,fragmentada,0,
884995bb69fffff,9,fragmentada,0,
884995bb6bfffff,9,fragmentada,0,
884995bb6dfffff,9,fluctuante,0,
